User Input,Input 1,Paraphrase 1,Semantics 1,Input 2,Paraphrase 2,Semantics 2,Input 3,Paraphrase 3,Semantics 3,Input 4,Paraphrase 4,Semantics 4,Input 5,Paraphrase 5,Semantics 5
Input 1,Please help me to set up a daily schedule for Mr. Gray?,Could you assist me in creating a daily routine for Mr. Gray?,Yes.,Could you assist me in devising a daily timetable for Mrs. Johnson?,Could you help me create a daily schedule for Mrs. Johnson?,Yes.,"I need assistance in organizing a daily agenda for Mr. Patel, can you help?","I need assistance in organizing a daily agenda for Mr. Patel, can you help?",Yes.,Can you guide me through setting up a daily routine for Ms. Smith?,Can you help me create a daily schedule for Ms. Smith?,Yes.,"I'm seeking guidance in establishing a daily schedule for Professor Rodriguez, would you be able to assist?","I'm seeking guidance in establishing a daily schedule for Professor Rodriguez, would you be able to assist?",Yes.
Input 1,Please help me to set up a daily schedule for Mr. Gray?,I'd appreciate your help with establishing a daily schedule for Mr. Gray.,Yes.,Could you assist me in devising a daily timetable for Mrs. Johnson?,Would you be able to collaborate with me on a daily routine for Mrs. Johnson?,Yes.,"I need assistance in organizing a daily agenda for Mr. Patel, can you help?",Would you be able to help me create a daily schedule for Mr. Patel?,Yes.,Can you guide me through setting up a daily routine for Ms. Smith?,Would you be able to assist me in establishing a daily routine for Ms. Smith?,Yes.,"I'm seeking guidance in establishing a daily schedule for Professor Rodriguez, would you be able to assist?",Could you help me create a daily schedule for Professor Rodriguez?,Yes.
Input 1,Please help me to set up a daily schedule for Mr. Gray?,Would you be willing to lend a hand in crafting a daily plan for Mr. Gray?,Yes.,Could you assist me in devising a daily timetable for Mrs. Johnson?,I'd appreciate your assistance in developing a daily plan for Mrs. Johnson.,Yes.,"I need assistance in organizing a daily agenda for Mr. Patel, can you help?",I'm seeking help with structuring Mr. Patel's daily agenda. Could you lend a hand?,Yes.,Can you guide me through setting up a daily routine for Ms. Smith?,I'm looking for guidance on setting up a daily plan for Ms. Smith.,Yes.,"I'm seeking guidance in establishing a daily schedule for Professor Rodriguez, would you be able to assist?",I'd appreciate some advice on structuring Professor Rodriguez's daily routine.,Yes.
Input 1,Please help me to set up a daily schedule for Mr. Gray?,I need some help structuring a daily schedule for Mr. Gray. Can you assist?,Yes.,Could you assist me in devising a daily timetable for Mrs. Johnson?,Would you mind lending a hand in crafting a daily agenda for Mrs. Johnson?,Yes.,"I need assistance in organizing a daily agenda for Mr. Patel, can you help?",Can you offer assistance in putting together a daily plan for Mr. Patel?,Yes.,Can you guide me through setting up a daily routine for Ms. Smith?,Could you offer some tips on structuring a daily schedule for Ms. Smith?,Yes.,"I'm seeking guidance in establishing a daily schedule for Professor Rodriguez, would you be able to assist?",Is there any assistance you can offer in planning Professor Rodriguez's day?,Yes.
Input 1,Please help me to set up a daily schedule for Mr. Gray?,I'm seeking your guidance in developing a daily program for Mr. Gray.,Yes.,Could you assist me in devising a daily timetable for Mrs. Johnson?,Is it possible for you to work together with me on a daily timetable for Mrs. Johnson?,Yes.,"I need assistance in organizing a daily agenda for Mr. Patel, can you help?",I was hoping you could help organize Mr. Patel's day-to-day activities.,Yes.,Can you guide me through setting up a daily routine for Ms. Smith?,Is it possible to get your input on developing a daily routine for Ms. Smith?,Yes.,"I'm seeking guidance in establishing a daily schedule for Professor Rodriguez, would you be able to assist?",I'm hoping to get some input on scheduling Professor Rodriguez's activities.,Yes.
Input 2,Mr. Gray needs to rise at 8:00 in the morning.,It is necessary for Mr. Gray to awaken at 8:00 AM,Yes,Mrs. Johnson should awaken at 8:00 a.m.,Mrs. Johnson's ideal wake-up time is 8:00 a.m.,Yes.,Mr. Patel ought to get up at 8:00 sharp.,Mr. Patel ought to get up at 8:00 sharp.,Yes.,Ms. Smith is expected to be up by 8:00 in the morning.,Wake-up time for Ms. Smith is 8:00 AM,Yes.,Professor Rodriguez should start his day at 8:00 a.m.,Professor Rodriguez's day can begin at 8:00 a.m.,Yes.
Input 2,Mr. Gray needs to rise at 8:00 in the morning.,Mr. Gray's wake-up time tomorrow is 8:00 AM,Yes.,Mrs. Johnson should awaken at 8:00 a.m.,It is recommended that Mrs. Johnson wakes up at 8:00 a.m.,Yes.,Mr. Patel ought to get up at 8:00 sharp.,An ideal wake-up time for Mr. Patel would be 8:00 a.m.,Yes.,Ms. Smith is expected to be up by 8:00 in the morning.,She should be awake by 8:00 in the morning,Yes.,Professor Rodriguez should start his day at 8:00 a.m.,A recommended start time for Professor Rodriguez is 8:00 a.m.,Yes.
Input 2,Mr. Gray needs to rise at 8:00 in the morning.,8:00 AM is the designated time for Mr. Gray to rise,Yes.,Mrs. Johnson should awaken at 8:00 a.m.,8:00 a.m. is a suitable wake-up time for Mrs. Johnson.,Yes.,Mr. Patel ought to get up at 8:00 sharp.,It's recommended that Mr. Patel starts his day at 8:00 sharp.,Yes.,Ms. Smith is expected to be up by 8:00 in the morning.,8:00 AM is the expected time for Ms. Smith to rise,Yes.,Professor Rodriguez should start his day at 8:00 a.m.,8:00 a.m. is a suitable time for Professor Rodriguez to commence his day.,Yes.
Input 2,Mr. Gray needs to rise at 8:00 in the morning.,Mr. Gray must be up by 8:00 AM tomorrow morning,Yes.,Mrs. Johnson should awaken at 8:00 a.m.,A good time for Mrs. Johnson to start her day is 8:00 a.m.,Yes.,Mr. Patel ought to get up at 8:00 sharp.,8:00 a.m. would be a suitable time for Mr. Patel to rise.,Yes.,Ms. Smith is expected to be up by 8:00 in the morning.,She is scheduled to be up at 8:00 AM,Yes.,Professor Rodriguez should start his day at 8:00 a.m.,It would be optimal for Professor Rodriguez to start his day at 8:00 a.m.,Yes.
Input 2,Mr. Gray needs to rise at 8:00 in the morning.,"Tomorrow, Mr. Gray needs to start his day at 8:00 AM",Yes.,Mrs. Johnson should awaken at 8:00 a.m.,Waking up at 8:00 a.m. would be beneficial for Mrs. Johnson's schedule.,Yes.,Mr. Patel ought to get up at 8:00 sharp.,Waking up at 8:00 on the dot is recommended for Mr. Patel.,Yes.,Ms. Smith is expected to be up by 8:00 in the morning.,It's anticipated that She will be awake by 8:00 AM,Yes.,Professor Rodriguez should start his day at 8:00 a.m.,Professor Rodriguez's schedule could be structured to begin at 8:00 a.m.,Yes.
Input 3,"Following that, he should take a shower at 8:15","Next, Mr. Gray should shower at 8:15",Yes,"Then, Mrs. Johnson should shower at 8:15.","Following this, a shower at 8:15 a.m. is recommended for Mrs. Johnson.",Yes.,"After that, Mr. Patel should have a shower at fifteen minutes past eight.","After that, Mr. Patel should have a shower at fifteen minutes past eight.",Yes.,"Next, Ms. Smith should take a shower at 8:15.",She is scheduled to shower by 8:15 AM,Yes.,"Then, Professor Rodriguez should shower at a quarter past eight.","Following this, Professor Rodriguez could shower at 8:15 a.m.",Yes.
Input 3,"Following that, he should take a shower at 8:15","After that, showering at 8:15 is recommended for Mr. Gray",Yes.,"Then, Mrs. Johnson should shower at 8:15.",Mrs. Johnson's schedule suggests a shower at 8:15 a.m.,Yes.,"After that, Mr. Patel should have a shower at fifteen minutes past eight.","Following this, a shower at 8:15 a.m. is recommended for Mr. Patel.",Yes.,"Next, Ms. Smith should take a shower at 8:15.",8:15 AM is the designated time for her shower,Yes.,"Then, Professor Rodriguez should shower at a quarter past eight.",Incorporating a shower at 8:15 a.m. would be suitable for Professor Rodriguez's schedule.,Yes
Input 3,"Following that, he should take a shower at 8:15",8:15 is the suggested time for Mr. Gray to take a shower,Yes.,"Then, Mrs. Johnson should shower at 8:15.",8:15 a.m. is a suitable time for Mrs. Johnson to shower.,Yes.,"After that, Mr. Patel should have a shower at fifteen minutes past eight.",Next on the agenda is a shower for Mr. Patel at 8:15.,Yes.,"Next, Ms. Smith should take a shower at 8:15.",A shower is planned for Ms. Smith at 8:15 in the morning,Yes.,"Then, Professor Rodriguez should shower at a quarter past eight.",Professor Rodriguez's routine could include a shower at 8:15 a.m.,Yes.
Input 3,"Following that, he should take a shower at 8:15",Mr. Gray's next scheduled activity is a shower at 8:15,Yes.,"Then, Mrs. Johnson should shower at 8:15.",Plan for Mrs. Johnson to shower at 8:15 a.m.,Yes.,"After that, Mr. Patel should have a shower at fifteen minutes past eight.",Mr. Patel can schedule a shower for 8:15 a.m. thereafter.,Yes.,"Next, Ms. Smith should take a shower at 8:15.",Shower time is set for 8:15 AM,Yes.,"Then, Professor Rodriguez should shower at a quarter past eight.",A shower at 8:15 a.m. is recommended after the previous activity.,Yes.
Input 3,"Following that, he should take a shower at 8:15","Following his wake-up, Mr. Gray should shower by 8:15",Yes.,"Then, Mrs. Johnson should shower at 8:15.",Schedule a shower for Mrs. Johnson at 8:15 a.m.,Yes.,"After that, Mr. Patel should have a shower at fifteen minutes past eight.",Plan a shower for Mr. Patel at quarter past eight.,Yes.,"Next, Ms. Smith should take a shower at 8:15.",She should be in the shower by quarter past eight,Yes.,"Then, Professor Rodriguez should shower at a quarter past eight.",Plan for Professor Rodriguez to shower at 8:15 a.m.,Yes.
Input 4,"I’m sorry meant 8:30, not 8:15.","My apologies, 8:30 is the correct time, not 8:15.",Yes.,"Then, breakfast for Mrs. Johnson will be served half an hour after that.",Breakfast for Mrs. Johnson is planned for 8:45 a.m.,Yes.,Mr. Patel has a light exercise session scheduled between 9:45 and 10:30.,Mr. Patel has a light exercise session scheduled between 9:45 and 10:30.,Yes.,"Next, breakfast for Ms. Smith will be served half an hour later.",She will have breakfast at 8:30 AM,Yes.,There's a light exercise scheduled for Professor Rodriguez between 9:45 and 10:30.,Professor Rodriguez has a light exercise session from 9:45 to 10:30 a.m.,Yes.
Input 4,"I’m sorry meant 8:30, not 8:15.","I made a mistake, Mr. Gray should shower at 8:30, not 8:15.",Yes.,"Then, breakfast for Mrs. Johnson will be served half an hour after that.","Following her shower, Mrs. Johnson can enjoy breakfast at 8:45 a.m.",Yes.,Mr. Patel has a light exercise session scheduled between 9:45 and 10:30.,Mr. Patel is scheduled for a light exercise routine from 9:45 to 10:30 a.m.,Yes.,"Next, breakfast for Ms. Smith will be served half an hour later.",Breakfast is scheduled for Ms. Smith in thirty minutes,Yes.,There's a light exercise scheduled for Professor Rodriguez between 9:45 and 10:30.,Professor Rodriguez is scheduled for a light exercise class between 9:45 and 10:30 a.m.,Yes.
Input 4,"I’m sorry meant 8:30, not 8:15.","Please disregard, the shower time is actually 8:30, not 8:15.",Yes.,"Then, breakfast for Mrs. Johnson will be served half an hour after that.",A 30-minute break after the shower allows for breakfast at 8:45 a.m. for Mrs. Johnson.,Yes.,Mr. Patel has a light exercise session scheduled between 9:45 and 10:30.,Plan in a light exercise session for Mr. Patel between 9:45 and 10:30.,Yes.,"Next, breakfast for Ms. Smith will be served half an hour later.",her breakfast will be served at half past eight,Yes.,There's a light exercise scheduled for Professor Rodriguez between 9:45 and 10:30.,There is a light exercise class scheduled for Professor Rodriguez at 9:45 a.m.,Yes.
Input 4,"I’m sorry meant 8:30, not 8:15.","To clarify, the correct shower time is 8:30, not 8:15 as I previously stated.",Yes.,"Then, breakfast for Mrs. Johnson will be served half an hour after that.","Schedule breakfast for Mrs. Johnson at 8:45 a.m., following her shower.",No.,Mr. Patel has a light exercise session scheduled between 9:45 and 10:30.,Allocate time for Mr. Patel's exercise routine from 9:45 to 10:30.,Yes.,"Next, breakfast for Ms. Smith will be served half an hour later.","Thirty minutes later, She will be served breakfast",Yes.,There's a light exercise scheduled for Professor Rodriguez between 9:45 and 10:30.,Professor Rodriguez has a light workout from 9:45 to 10:30 in the morning.,Yes.
Input 4,"I’m sorry meant 8:30, not 8:15.","There seems to have been a miscommunication, the shower should be at 8:30, not 8:15.",Yes.,"Then, breakfast for Mrs. Johnson will be served half an hour after that.","Plan for Mrs. Johnson to have breakfast at 8:45 a.m., half an hour after showering.",Yes.,Mr. Patel has a light exercise session scheduled between 9:45 and 10:30.,Include a light exercise period in Mr. Patel's schedule from 9:45 to 10:30 a.m.,Yes.,"Next, breakfast for Ms. Smith will be served half an hour later.",She is to be served breakfast after a 30-minute delay,Yes.,There's a light exercise scheduled for Professor Rodriguez between 9:45 and 10:30.,A light exercise session is planned for Professor Rodriguez at 9:45 a.m.,Yes.
Input 5,"Following that, breakfast will be served thirty minutes later.","After that, breakfast will be ready in half an hour.",Yes.,There's a light exercise planned between 9:45 and 10:30 for Mrs. Johnson,Mrs. Johnson has a light exercise scheduled from 9:45 to 10:30.,Yes.,"Then, Mr. Patel can rest until 11:30 for a morning nap.","Then, Mr. Patel can rest until 11:30 for a morning nap.",Yes.,"Between 9:45 and 10:30, Ms. Smith has a light exercise session planned",She is scheduled for light exercise from 9:45 AM to 10:30 AM,Yes.,"Then, Professor Rodriguez can relax with a morning nap until 11:30.",Professor Rodriguez can then enjoy a relaxing nap until 11:30 a.m.,Yes.
Input 5,"Following that, breakfast will be served thirty minutes later.","Thirty minutes from then, breakfast will be available.",Yes.,There's a light exercise planned between 9:45 and 10:30 for Mrs. Johnson,A light exercise session is planned for Mrs. Johnson between 9:45 AM and 10:30 AM.,Yes.,"Then, Mr. Patel can rest until 11:30 for a morning nap.",Schedule some relaxation time for Mr. Patel until 11:30 a.m. for a nap.,Yes.,"Between 9:45 and 10:30, Ms. Smith has a light exercise session planned",A light exercise session is planned for Ms. Smith between 9:45 and 10:30 in the morning,Yes.,"Then, Professor Rodriguez can relax with a morning nap until 11:30.","Following the exercise session, Professor Rodriguez has time for a nap until 11:30 a.m.",Yes.
Input 5,"Following that, breakfast will be served thirty minutes later.","Following the shower, breakfast will be served at 8:45 AM.",Yes.,There's a light exercise planned between 9:45 and 10:30 for Mrs. Johnson,Mrs. Johnson is scheduled for a light exercise activity from 9:45 until 10:30.,Yes.,"Then, Mr. Patel can rest until 11:30 for a morning nap.",Mr. Patel can then take a break for a nap until 11:30.,Yes.,"Between 9:45 and 10:30, Ms. Smith has a light exercise session planned",She has allocated time for light exercise between quarter to ten and half past ten,Yes.,"Then, Professor Rodriguez can relax with a morning nap until 11:30.","Afterward, Professor Rodriguez can unwind with a nap till 11:30 a.m.",Yes.
Input 5,"Following that, breakfast will be served thirty minutes later.",Guests can expect breakfast thirty minutes after the scheduled shower time.,Yes.,There's a light exercise planned between 9:45 and 10:30 for Mrs. Johnson,"Between 9:45 and 10:30, Mrs. Johnson will participate in a light exercise program.",Yes.,"Then, Mr. Patel can rest until 11:30 for a morning nap.",Allow Mr. Patel to unwind for a nap until 11:30.,Yes.,"Between 9:45 and 10:30, Ms. Smith has a light exercise session planned",Light exercise is set for Ms. Smith between 9:45 and 10:30 AM,Yes.,"Then, Professor Rodriguez can relax with a morning nap until 11:30.",Professor Rodriguez is free to take a nap until 11:30 a.m. after the exercise class.,Yes.
Input 5,"Following that, breakfast will be served thirty minutes later.","Mr. Gray can enjoy breakfast at 8:45 AM, following his shower.",Yes.,There's a light exercise planned between 9:45 and 10:30 for Mrs. Johnson,Mrs. Johnson's light exercise routine is from 9:45 to 10:30.,Yes.,"Then, Mr. Patel can rest until 11:30 for a morning nap.",Incorporate a nap break for Mr. Patel in the schedule until 11:30 a.m.,Yes.,"Between 9:45 and 10:30, Ms. Smith has a light exercise session planned",She should perform light exercise sometime between 9:45 and 10:30 AM,Yes.,"Then, Professor Rodriguez can relax with a morning nap until 11:30.",A nap until 11:30 a.m. is on the agenda for Professor Rodriguez after the exercise session.,Yes.
Input 6,"From 9:45 to 10:30, there is a light exercise scheduled",A light exercise session is planned from 9:45 AM to 10:30 AM.,Yes.,"I miss spoke, its from 10:00 to 10:30.","Actually, the event runs from 10:00 to 10:30.",Yes.,Mr. Patel can expect lunch to be available from 12:00 to 13:00.,Mr. Patel can expect lunch to be available from 12:00 to 13:00.,Yes.,"My mistake, the correct timing is between 10:00 and 10:30","Actually, the correct time is from 10:00 to 10:30",Yes.,Professor Rodriguez can have lunch available from 12:00 until 13:00.,Professor Rodriguez has a lunch break from 12:00 p.m. to 1:00 p.m.,Yes.
Input 6,"From 9:45 to 10:30, there is a light exercise scheduled",Mr. Gray has light exercise scheduled between 9:45 and 10:30 AM.,Yes.,"I miss spoke, its from 10:00 to 10:30.","I apologize, the correct time is 10:00 to 10:30.",Yes.,Mr. Patel can expect lunch to be available from 12:00 to 13:00.,Lunch is served for Mr. Patel between 12:00 and 1:00 p.m.,Yes.,"My mistake, the correct timing is between 10:00 and 10:30","Let me clarify, the right time is between 10:00 and 10:30",Yes.,Professor Rodriguez can have lunch available from 12:00 until 13:00.,Lunch is served for Professor Rodriguez between 12:00 and 1:00 p.m.,Yes.
Input 6,"From 9:45 to 10:30, there is a light exercise scheduled",Thirty minutes of light exercise is on the agenda from 9:45 AM to 10:30 AM.,Yes.,"I miss spoke, its from 10:00 to 10:30.",There was a mistake it's from 10:00 to 10:30.,Yes.,Mr. Patel can expect lunch to be available from 12:00 to 13:00.,Plan Mr. Patel's lunch break from noon to 1:00 p.m.,Yes.,"My mistake, the correct timing is between 10:00 and 10:30","I apologize, the accurate timing is 10:00 to 10:30",Yes.,Professor Rodriguez can have lunch available from 12:00 until 13:00.,Professor Rodriguez can enjoy lunch from noon until 1:00 p.m.,Yes.
Input 6,"From 9:45 to 10:30, there is a light exercise scheduled","From 9:45 AM to 10:30 AM, there is dedicated time for light physical activity.",Yes.,"I miss spoke, its from 10:00 to 10:30.","Let me clarify, the time is 10:00 to 10:30.",Yes.,Mr. Patel can expect lunch to be available from 12:00 to 13:00.,Schedule lunch for Mr. Patel from 12:00 to 1:00.,Yes.,"My mistake, the correct timing is between 10:00 and 10:30","To be precise, the scheduled time is 10:00 AM to 10:30 AM",Yes.,Professor Rodriguez can have lunch available from 12:00 until 13:00.,Lunch is available for Professor Rodriguez from 12:00 to 1:00 p.m.,Yes.
Input 6,"From 9:45 to 10:30, there is a light exercise scheduled",Light exercise is planned for Mr. Gray from 9:45 AM until 10:30 AM.,Yes.,"I miss spoke, its from 10:00 to 10:30.",My previous statement was incorrect the event is from 10:00 to 10:30.,Yes.,Mr. Patel can expect lunch to be available from 12:00 to 13:00.,Indicate that lunch is available for Mr. Patel from 12:00 to 13:00.,Yes.,"My mistake, the correct timing is between 10:00 and 10:30",It appears I made an error the correct time is 10:00 to 10:30 AM,Yes.,Professor Rodriguez can have lunch available from 12:00 until 13:00.,Professor Rodriguez has a lunch option from 12:00 to 1:00 p.m.,Yes.
Input 7,"Afterward, he can have a morning nap until 11:30.","Following the exercise, Mr. Gray can enjoy a morning nap until 11:30 AM.",Yes.,"Following that, Mrs. Johnson can enjoy a morning nap until 11:30.","Mrs. Johnson is free to rest for a nap after that, until 11:30 AM.",Yes.,"After the midday meal, Mr. Patel will go for a walk with Nurse Brown.","After the midday meal, Mr. Patel will go for a walk with Nurse Brown.",Yes.,"Subsequently, she has the opportunity to take a morning nap until 11:30.",She is free to rest for a nap until 11:30 AM,Yes.,"Following lunchtime, Professor Rodriguez will stroll with Nurse Thompson and after that a afternoon nap is scheduled from 3:00 until half past four.","After lunch, Professor Rodriguez has a walk with Nurse Thompson followed by an afternoon nap from 3:00 to 4:30 p.m.",Yes.
Input 7,"Afterward, he can have a morning nap until 11:30.","After the light exercise session, a nap is scheduled until 11:30 AM.",Yes.,"Following that, Mrs. Johnson can enjoy a morning nap until 11:30.","Afterward, Mrs. Johnson has time for a relaxing nap until 11:30.",No.,"After the midday meal, Mr. Patel will go for a walk with Nurse Brown.","Following lunch, Mr. Patel has a scheduled walk with Nurse Brown.",Yes.,"Subsequently, she has the opportunity to take a morning nap until 11:30.",Optional nap time for her is until 11:30 in the morning,Yes.,"Following lunchtime, Professor Rodriguez will stroll with Nurse Thompson and after that a afternoon nap is scheduled from 3:00 until half past four.","Professor Rodriguez will take a stroll with Nurse Thompson after lunch, and then rest for an afternoon nap between 3:00 and 4:30 p.m.",Yes.
Input 7,"Afterward, he can have a morning nap until 11:30.","Mr. Gray has the option for a nap following the exercise, ending at 11:30 AM.",Yes.,"Following that, Mrs. Johnson can enjoy a morning nap until 11:30.","Following the activity, Mrs. Johnson can unwind with a nap until 11:30.",Yes.,"After the midday meal, Mr. Patel will go for a walk with Nurse Brown.",Plan a walk with Nurse Brown for Mr. Patel after his lunch break.,Yes.,"Subsequently, she has the opportunity to take a morning nap until 11:30.",She has the chance to sleep in up to 11:30 AM,Yes.,"Following lunchtime, Professor Rodriguez will stroll with Nurse Thompson and after that a afternoon nap is scheduled from 3:00 until half past four.","Following lunch, a walk with Nurse Thompson is planned for Professor Rodriguez, then an afternoon nap from 3:00 to 4:30 p.m.",Yes.
Input 7,"Afterward, he can have a morning nap until 11:30.",Free time for a nap is available between 10:30 AM and 11:30 AM.,Yes.,"Following that, Mrs. Johnson can enjoy a morning nap until 11:30.",A nap time is available for Mrs. Johnson until 11:30 after this.,Yes.,"After the midday meal, Mr. Patel will go for a walk with Nurse Brown.",Include an afternoon walk with Nurse Brown on Mr. Patel's schedule.,Yes.,"Subsequently, she has the opportunity to take a morning nap until 11:30.",A nap opportunity is available for her until 11:30 AM,Yes.,"Following lunchtime, Professor Rodriguez will stroll with Nurse Thompson and after that a afternoon nap is scheduled from 3:00 until half past four.","Professor Rodriguez has a post-lunch walk with Nurse Thompson, followed by an afternoon nap scheduled from 3:00 to 4:30 p.m.",Yes.
Input 7,"Afterward, he can have a morning nap until 11:30.","Following the light exercise, there's time for a nap until 11:30 AM.",Yes.,"Following that, Mrs. Johnson can enjoy a morning nap until 11:30.",Mrs. Johnson can then take a nap at her leisure until 11:30.,Yes.,"After the midday meal, Mr. Patel will go for a walk with Nurse Brown.",Mr. Patel is joined by Nurse Brown for a post-lunch walk.,Yes.,"Subsequently, she has the opportunity to take a morning nap until 11:30.",She can choose to nap until 11:30 AM,Yes.,"Following lunchtime, Professor Rodriguez will stroll with Nurse Thompson and after that a afternoon nap is scheduled from 3:00 until half past four.","An afternoon schedule for Professor Rodriguez includes a walk with Nurse Thompson after lunch, and a nap from 3:00 to 4:30 p.m.",Yes.
Input 8,"From 12:00 to 13:00, lunch will be provided.",Lunch is available from 12:00 PM to 1:00 PM.,Yes.,Lunch is scheduled to be served between 12:00 and 13:00 for Mrs. Johnson.,Mrs. Johnson's lunch break is from 12:00 PM to 1:00 PM.,Yes.,"After that, Mr. Patel has an afternoon nap scheduled from 3:00 until 4:30.","Following lunch, Mr. Patel has an afternoon nap planned between 3:00 PM and 4:30 PM.",Yes.,"Between 12:00 and 13:00, Ms. Smith can enjoy lunch.",Lunch is scheduled for Ms. Smith between 12:00 and 1:00 PM,Yes.,Professor Rodriguez will be served an early dinner today at 17:00.,Professor Rodriguez has an early dinner tonight at 5:00 p.m.,Yes.
Input 8,"From 12:00 to 13:00, lunch will be provided.",Guests can enjoy lunch between 12:00 and 1:00 PM.,Yes.,Lunch is scheduled to be served between 12:00 and 13:00 for Mrs. Johnson.,Lunch will be available for Mrs. Johnson between 12:00 and 1:00 PM.,Yes.,"After that, Mr. Patel has an afternoon nap scheduled from 3:00 until 4:30.",Mr. Patel is scheduled for an afternoon nap from 3:00 PM to 4:30 PM.,Yes.,"Between 12:00 and 13:00, Ms. Smith can enjoy lunch.",She has a lunch break from noon to 1:00 PM,Yes.,Professor Rodriguez will be served an early dinner today at 17:00.,Professor Rodriguez will enjoy dinner this evening at 5:00 p.m.,Yes.
Input 8,"From 12:00 to 13:00, lunch will be provided.",The scheduled lunch break is from 12:00 PM to 1:00 PM.,Yes.,Lunch is scheduled to be served between 12:00 and 13:00 for Mrs. Johnson.,Mrs. Johnson has lunch scheduled from noon (12:00 PM) to 1:00 PM.,Yes.,"After that, Mr. Patel has an afternoon nap scheduled from 3:00 until 4:30.","In the afternoon, Mr. Patel has a nap scheduled from 3:00 to 4:30 PM.",Yes.,"Between 12:00 and 13:00, Ms. Smith can enjoy lunch.",She can enjoy lunch anytime between 12:00 and 1:00 PM,Yes.,Professor Rodriguez will be served an early dinner today at 17:00.,An early dinner is scheduled for Professor Rodriguez at 5:00 p.m. today.,Yes.
Input 8,"From 12:00 to 13:00, lunch will be provided.",Lunch will be served from noon to 1:00 PM.,Yes.,Lunch is scheduled to be served between 12:00 and 13:00 for Mrs. Johnson.,It's lunchtime for Mrs. Johnson food will be served between 12:00 and 1:00 PM.,Yes.,"After that, Mr. Patel has an afternoon nap scheduled from 3:00 until 4:30.",3:00 PM to 4:30 PM is reserved for Mr. Patel's afternoon nap.,Yes.,"Between 12:00 and 13:00, Ms. Smith can enjoy lunch.",Lunch is available for Ms. Smith between 12:00 and 13:00,Yes.,Professor Rodriguez will be served an early dinner today at 17:00.,"Tonight, Professor Rodriguez will be served dinner at 5:00 p.m.",Yes.
Input 8,"From 12:00 to 13:00, lunch will be provided.",A lunch break is planned from 12:00 to 1:00 PM.,Yes.,Lunch is scheduled to be served between 12:00 and 13:00 for Mrs. Johnson.,Mrs. Johnson can enjoy lunch between 12:00 and 1:00 PM.,Yes.,"After that, Mr. Patel has an afternoon nap scheduled from 3:00 until 4:30.",Mr. Patel has blocked out time for an afternoon nap from 3:00 PM to 4:30 PM.,Yes.,"Between 12:00 and 13:00, Ms. Smith can enjoy lunch.",The designated lunch hour for Ms. Smith is between 12:00 and 1:00 PM,Yes.,Professor Rodriguez will be served an early dinner today at 17:00.,Professor Rodriguez's dinner is set for 5:00 p.m. this evening.,Yes.
Input 9,"Following lunch, he will take a walk with Nurse Johnson.","After lunch, a walk with Nurse Johnson is scheduled.",Yes.,Afternoon strolls with Nurse White are scheduled post-lunch.,"Nurse White will accompany Mrs. Johnson for a walk in the afternoon, following lunch.",Yes.,"Mr. Patel can expect an early dinner today at 17:00 and bedtime is as usual, planned for 21:30.","Mr. Patel will have dinner earlier today at 5:00 PM, followed by bedtime at their usual time of 9:30 PM.",Yes.,"Post-lunch, he'll have a walk accompanied by Nurse Anderson.","After lunch, She is scheduled for a walk with Nurse Anderson.",Yes.,"Professor Rodriguez's bedtime remains consistent, scheduled for 21:30 as usual.","Professor Rodriguez will retire for the night at his usual time, 9:30 p.m.",Yes.
Input 9,"Following lunch, he will take a walk with Nurse Johnson.","Following the meal, Mr. Gray will join Nurse Johnson for a walk.",Yes.,Afternoon strolls with Nurse White are scheduled post-lunch.,Mrs. Johnson has scheduled walks with Nurse White after lunch.,Yes.,"Mr. Patel can expect an early dinner today at 17:00 and bedtime is as usual, planned for 21:30.","Dinner for Mr. Patel is tonight at 5:00 PM, with bedtime at the customary time of 9:30 PM.",Yes.,"Post-lunch, he'll have a walk accompanied by Nurse Anderson.","Following her meal, She will go for a walk with Nurse Anderson by her side.",Yes.,"Professor Rodriguez's bedtime remains consistent, scheduled for 21:30 as usual.","As always, Professor Rodriguez's bedtime is set for 9:30 p.m.",Yes.
Input 9,"Following lunch, he will take a walk with Nurse Johnson.",Mr. Gray has a planned walk with Nurse Johnson after lunch.,Yes.,Afternoon strolls with Nurse White are scheduled post-lunch.,"After lunch, Mrs. Johnson is joined by Nurse White for an afternoon stroll.",Yes.,"Mr. Patel can expect an early dinner today at 17:00 and bedtime is as usual, planned for 21:30.","An early dinner is planned for Mr. Patel today at 5:00 PM, followed by bedtime as usual at 9:30 PM.",Yes.,"Post-lunch, he'll have a walk accompanied by Nurse Anderson.",Nurse Anderson will accompany Ms. Smith on a walk after She eats lunch.,Yes.,"Professor Rodriguez's bedtime remains consistent, scheduled for 21:30 as usual.","Professor Rodriguez maintains a consistent sleep schedule, turning in at 9:30 p.m. tonight.",Yes.
Input 9,"Following lunch, he will take a walk with Nurse Johnson.",A post-lunch walk with Nurse Johnson is on the agenda.,Yes.,Afternoon strolls with Nurse White are scheduled post-lunch.,Lunch is followed by afternoon walks with Nurse White for Mrs. Johnson.,Yes.,"Mr. Patel can expect an early dinner today at 17:00 and bedtime is as usual, planned for 21:30.","Tonight, Mr. Patel's dinner is at 5:00 PM, and bedtime remains unchanged at 9:30 PM.",Yes.,"Post-lunch, he'll have a walk accompanied by Nurse Anderson.","Lunch will be followed by a walk, with Nurse Anderson providing assistance.",Yes.,"Professor Rodriguez's bedtime remains consistent, scheduled for 21:30 as usual.",Professor Rodriguez's nightly routine includes bedtime at 9:30 p.m.,Yes.
Input 9,"Following lunch, he will take a walk with Nurse Johnson.","Following lunch, there's a scheduled walk with Nurse Johnson.",Yes.,Afternoon strolls with Nurse White are scheduled post-lunch.,Plan for Mrs. Johnson: afternoon strolls with Nurse White after lunch.,Yes.,"Mr. Patel can expect an early dinner today at 17:00 and bedtime is as usual, planned for 21:30.",Mr. Patel has an adjusted schedule today with dinner at 5:00 PM and bedtime at their regular time of 9:30 PM.,Yes.,"Post-lunch, he'll have a walk accompanied by Nurse Anderson.","She will take a walk with Nurse Anderson's help, after having lunch.",Yes.,"Professor Rodriguez's bedtime remains consistent, scheduled for 21:30 as usual.","Professor Rodriguez will get some rest tonight at 9:30 p.m., following his usual sleep pattern.",Yes.
Input 10,"Following that, there's a planned afternoon nap from 3:00 to 4:30.","After the walk, Mr. Gray can enjoy an afternoon nap from 3:00 PM to 4:30 PM.",Yes.,"Then, Mrs. Johnson is scheduled for an afternoon rest between 3:00 and 4:30.","Mrs. Johnson has scheduled relaxation time in the afternoon, from 3:00 to 4:30 PM.",Yes.,"No, actually bedtime is at 22:30. I’m sorry.","My apologies, bedtime is actually at 10:30 PM.",No.,"Following that, Ms. Smith is set for an afternoon snooze from 3:00 to 4:30.","After that, She is scheduled for an afternoon nap between 3:00 and 4:30 PM.",Yes.,And that's the end of it.,That concludes today's schedule.,Yes.
Input 10,"Following that, there's a planned afternoon nap from 3:00 to 4:30.","Following the walk with Nurse Johnson, there's an optional nap time from 3:00 PM to 4:30 PM.",Yes.,"Then, Mrs. Johnson is scheduled for an afternoon rest between 3:00 and 4:30.",An afternoon nap is planned for Mrs. Johnson between 3:00 and 4:30.,Yes.,"No, actually bedtime is at 22:30. I’m sorry.","I made a mistake, bedtime is at 10:30 PM.",No.,"Following that, Ms. Smith is set for an afternoon snooze from 3:00 to 4:30.","She will have some rest time in the afternoon, from 3:00 to 4:30 PM.",Yes.,And that's the end of it.,This marks the end of the planned activities.,No.
Input 10,"Following that, there's a planned afternoon nap from 3:00 to 4:30.","An afternoon nap is scheduled from 3:00 PM to 4:30 PM, following the walk.",Yes.,"Then, Mrs. Johnson is scheduled for an afternoon rest between 3:00 and 4:30.","Following lunch, Mrs. Johnson is scheduled for quiet time from 3:00 to 4:30 PM.",No.,"No, actually bedtime is at 22:30. I’m sorry.","Disregard that, bedtime is at 10:30 PM.",Yes.,"Following that, Ms. Smith is set for an afternoon snooze from 3:00 to 4:30.","Scheduled for Ms. Smith next is an afternoon nap, from 3:00 to 4:30 PM.",Yes.,And that's the end of it.,There are no further events on the agenda.,Yes.
Input 10,"Following that, there's a planned afternoon nap from 3:00 to 4:30.",Free time for an afternoon nap is available between 3:00 and 4:30 PM.,Yes.,"Then, Mrs. Johnson is scheduled for an afternoon rest between 3:00 and 4:30.",Mrs. Johnson's afternoon schedule includes rest time from 3:00 to 4:30.,Yes.,"No, actually bedtime is at 22:30. I’m sorry.","Actually, bedtime is at 10:30 PM. Please accept my apologies.",No.,"Following that, Ms. Smith is set for an afternoon snooze from 3:00 to 4:30.","Between 3:00 and 4:30 PM, She will be taking an afternoon nap.",Yes.,And that's the end of it.,This completes the day's itinerary.,Yes.
Input 10,"Following that, there's a planned afternoon nap from 3:00 to 4:30.","Following the walk, there's dedicated time for rest from 3:00 PM to 4:30 PM.",Yes.,"Then, Mrs. Johnson is scheduled for an afternoon rest between 3:00 and 4:30.","Between 3:00 and 4:30, Mrs. Johnson has dedicated time for afternoon rest.",Yes.,"No, actually bedtime is at 22:30. I’m sorry.","You're right, bedtime is at 10:30 PM. I apologize for the confusion.",No.,"Following that, Ms. Smith is set for an afternoon snooze from 3:00 to 4:30.",She has nap time from 3:00 to 4:30 PM on the schedule.,Yes.,And that's the end of it.,That's all for today's schedule.,Yes.
Input 11,"Today, an early dinner is on the menu at 5:00 for Mr. Gray.","Mr. Gray, dinner is served early today, at 5:00 PM.",Yes.,There's an early dinner scheduled today at 17:00 for Mrs. Johnson.,Mrs. Johnson will enjoy an early dinner tonight at 5:00 PM.,Yes.,That wraps it up.,We've covered everything for now.,Yes.,Ms. Smith will have an early dinner today served promptly at 17:00.,"Dinner tonight will be served early, at 5:00 PM sharp.",Yes.,,,
Input 11,"Today, an early dinner is on the menu at 5:00 for Mr. Gray.","Tonight, Mr. Gray will be enjoying dinner at the earlier time of 5:00 PM.",Yes.,There's an early dinner scheduled today at 17:00 for Mrs. Johnson.,"Dinner for Mrs. Johnson is served early today, at 5:00 PM.",Yes.,That wraps it up.,That's all we have for today.,Yes.,Ms. Smith will have an early dinner today served promptly at 17:00.,"She is scheduled for an early dinner today, at exactly 5:00 PM.",Yes.,,,
Input 11,"Today, an early dinner is on the menu at 5:00 for Mr. Gray.",A 5:00 PM dinner is planned for Mr. Gray this evening.,Yes.,There's an early dinner scheduled today at 17:00 for Mrs. Johnson.,A 5:00 PM dinner is planned for Mrs. Johnson this evening.,Yes.,That wraps it up.,There's nothing else on the agenda.,Yes.,Ms. Smith will have an early dinner today served promptly at 17:00.,"Tonight's meal will be served at 5:00 PM, an earlier time than usual.",Yes.,,,
Input 11,"Today, an early dinner is on the menu at 5:00 for Mr. Gray.",Be advised that Mr. Gray's dinner has been moved to 5:00 PM today.,Yes.,There's an early dinner scheduled today at 17:00 for Mrs. Johnson.,"Tonight, Mrs. Johnson has an early dinner scheduled for 5:00 PM.",Yes.,That wraps it up.,I believe that's all we need.,Yes.,Ms. Smith will have an early dinner today served promptly at 17:00.,"Please be aware that dinner will be ready at 5:00 PM today, which is earlier than usual.",Yes.,,,
Input 11,"Today, an early dinner is on the menu at 5:00 for Mr. Gray.",Please note: Mr. Gray has an early dinner at 5:00 PM today.,Yes.,There's an early dinner scheduled today at 17:00 for Mrs. Johnson.,Please note that Mrs. Johnson's dinner is served at 5:00 PM today.,Yes.,That wraps it up.,Feel free to ask if anything else comes up.,No.,Ms. Smith will have an early dinner today served promptly at 17:00.,"She will be having dinner earlier today, at 5:00 PM precisely.",Yes.,,,
Input 12,"As per the usual routine, bedtime is scheduled for Mr. Gray at 21:30.","Following his customary schedule, Mr. Gray will retire for the night at 9:30 PM.",Yes.,"Bedtime remains unchanged, set for 21:30 for Mrs. Johnson.",Mrs. Johnson's bedtime is still 9:30 pm.,Yes.,,,,Ms. Smith's regular bedtime is planned for 21:30.,She is scheduled to go to sleep at 9:30 PM tonight.,Yes.,,,
Input 12,"As per the usual routine, bedtime is scheduled for Mr. Gray at 21:30.","In accordance with his usual routine, Mr. Gray is scheduled to sleep at 9:30 PM tonight.",Yes.,"Bedtime remains unchanged, set for 21:30 for Mrs. Johnson.",The established bedtime for Mrs. Johnson remains at 9:30 pm.,Yes.,,,,Ms. Smith's regular bedtime is planned for 21:30.,Bedtime is set for 9:30 PM this evening.,Yes.,,,
Input 12,"As per the usual routine, bedtime is scheduled for Mr. Gray at 21:30.","As per his customary practice, Mr. Gray's bedtime this evening is set for 9:30 PM.",Yes.,"Bedtime remains unchanged, set for 21:30 for Mrs. Johnson.","There is no change to Mrs. Johnson's bedtime, which is 9:30 pm.",Yes.,,,,Ms. Smith's regular bedtime is planned for 21:30.,She will be turning in for the night at 9:30 PM as usual.,Yes.,,,
Input 12,"As per the usual routine, bedtime is scheduled for Mr. Gray at 21:30.","Continuing with his established pattern, Mr. Gray will be going to bed at 9:30 PM today.",Yes.,"Bedtime remains unchanged, set for 21:30 for Mrs. Johnson.",9:30 pm continues to be Mrs. Johnson's designated sleep time.,Yes.,,,,Ms. Smith's regular bedtime is planned for 21:30.,Tonight's bedtime is planned for 9:30 PM.,Yes.,,,
Input 12,"As per the usual routine, bedtime is scheduled for Mr. Gray at 21:30.","Consistent with his usual habits, Mr. Gray's sleep commences at 9:30 PM this evening.",Yes.,"Bedtime remains unchanged, set for 21:30 for Mrs. Johnson.","As previously arranged, Mrs. Johnson should retire for the night at 9:30 pm.",Yes.,,,,Ms. Smith's regular bedtime is planned for 21:30.,Lights out for Ms. Smith are at 9:30 PM tonight.,Yes.,,,
Input 13,All set.,Ready to proceed.,Yes.,That concludes it.,That's all for now.,Yes.,,,,We're done here.,That concludes our discussion.,Yes.,,,
Input 13,All set.,Good to go.,Yes.,That concludes it.,We've reached the end.,Yes.,,,,We're done here.,We have covered everything for now.,Yes.,,,
Input 13,All set.,No further assistance needed.,Yes.,That concludes it.,This brings us to a close.,Yes.,,,,We're done here.,There's nothing further needed from us at this time.,Yes.,,,
Input 13,All set.,I understand and am prepared.,Yes.,That concludes it.,There's nothing further to discuss.,Yes.,,,,We're done here.,"If you have no other questions, I believe we're finished.",Yes.,,,
Input 13,All set.,All systems are a go.,Yes.,That concludes it.,I believe that covers everything.,Yes.,,,,We're done here.,"Feel free to reach out if anything else arises, otherwise this concludes our session.",Yes.,,,